{"cameraMode":{"drawMode":0,"name":"Shaded","section":"Shading Mode"},"sceneLighting":true,"audioPlay":false,"sceneViewState":{"showFog":true,"showMaterialUpdate":false,"showSkybox":true,"showFlares":true,"showImageEffects":true,"showParticleSystems":true},"in2DMode":false,"pivot":{"x":2.6206893920898439,"y":-0.07133722305297852,"z":1.8194595575332642},"rotation":{"x":0.489228218793869,"y":0.1994435042142868,"z":-0.1159994825720787,"w":0.8411182761192322},"size":4.622661113739014,"orthographic":false}