{"cameraMode":{"drawMode":0,"name":"Shaded","section":"Shading Mode"},"sceneLighting":false,"audioPlay":false,"sceneViewState":{"showFog":true,"showMaterialUpdate":false,"showSkybox":false,"showFlares":true,"showImageEffects":true,"showParticleSystems":true},"in2DMode":false,"pivot":{"x":-0.11588513106107712,"y":0.9829193353652954,"z":0.32001399993896487},"rotation":{"x":-0.12448301911354065,"y":-0.006848521530628204,"z":0.0008585501927882433,"w":-0.9922031164169312},"size":0.8704015612602234,"orthographic":false}