{"cameraMode":{"drawMode":0,"name":"Shaded","section":"Shading Mode"},"sceneLighting":true,"audioPlay":false,"sceneViewState":{"showFog":true,"showMaterialUpdate":false,"showSkybox":true,"showFlares":true,"showImageEffects":true,"showParticleSystems":true},"in2DMode":false,"pivot":{"x":4.710229396820068,"y":0.6512794494628906,"z":1.1883282661437989},"rotation":{"x":-0.22500041127204896,"y":-0.2615965008735657,"z":0.06301465630531311,"w":-0.9365969300270081},"size":9.914423942565918,"orthographic":false}