{"cameraMode":{"drawMode":0,"name":"Shaded","section":"Shading Mode"},"sceneLighting":true,"audioPlay":false,"sceneViewState":{"showFog":true,"showMaterialUpdate":false,"showSkybox":true,"showFlares":true,"showImageEffects":true,"showParticleSystems":true},"in2DMode":false,"pivot":{"x":3.010720729827881,"y":-0.804318904876709,"z":3.9182746410369875},"rotation":{"x":-0.3755668103694916,"y":-0.05909993499517441,"z":0.024204421788454057,"w":-0.9247000813484192},"size":15.804445266723633,"orthographic":false}