{"cameraMode":{"drawMode":0,"name":"Shaded","section":"Shading Mode"},"sceneLighting":true,"audioPlay":false,"sceneViewState":{"showFog":true,"showMaterialUpdate":false,"showSkybox":true,"showFlares":true,"showImageEffects":true,"showParticleSystems":true},"in2DMode":false,"pivot":{"x":4.3031721115112309,"y":-3.2549939155578615,"z":5.649812698364258},"rotation":{"x":0.4454324543476105,"y":0.24431245028972627,"z":-0.12775808572769166,"w":0.8518341779708862},"size":6.292605876922607,"orthographic":false}