{"cameraMode":{"drawMode":0,"name":"Shaded","section":"Shading Mode"},"sceneLighting":false,"audioPlay":false,"sceneViewState":{"showFog":true,"showMaterialUpdate":false,"showSkybox":false,"showFlares":true,"showImageEffects":true,"showParticleSystems":true},"in2DMode":false,"pivot":{"x":-0.2436344474554062,"y":0.43759894371032717,"z":2.007654905319214},"rotation":{"x":-0.1408395767211914,"y":0.003561797784641385,"z":-0.0005064870347268879,"w":-0.9900321364402771},"size":1.9934306144714356,"orthographic":false}