{"cameraMode":{"drawMode":0,"name":"Shaded","section":"Shading Mode"},"sceneLighting":false,"audioPlay":false,"sceneViewState":{"showFog":true,"showMaterialUpdate":false,"showSkybox":false,"showFlares":true,"showImageEffects":true,"showParticleSystems":true},"in2DMode":false,"pivot":{"x":-0.4388986825942993,"y":0.861096978187561,"z":0.2295747995376587},"rotation":{"x":-0.21898141503334046,"y":-0.018442535772919656,"z":0.004139291122555733,"w":-0.9755511283874512},"size":0.7653637528419495,"orthographic":false}